60MHz Voltages,Max Voltage:,0.00851864949,Average Voltage:,0.008500807360256405,Min Voltage,0.00849041738,Running Voltages:,0.00849215723,0.00849367014,0.00849547425,0.00849749105,0.00849725698,0.00849728083,0.00849984981,0.00849733464,0.00850095102,0.00849952131,0.00850445599,0.0084989723,0.00850188216,0.00849991237,0.00849874169,0.00849892664,0.00849981912,0.00850006189,0.00850016109,0.00849684346,0.00849869003,0.00849523191,0.00849926597,0.00849429535,0.00849516302,0.00849409739,0.00849528162,0.00849450927,0.0084912626,0.00849245735,0.00849346732,0.00849266165,0.00850909354,0.00850932267,0.00850964638,0.00850915437,0.00850840732,0.00850947702,0.00850969042,0.00850955018,0.00849624252,0.00849690189,0.00849572795,0.00849559088,0.00849470881,0.00849622149,0.00849786271,0.00849511619,0.0084966568,0.00849597294,0.00849470339,0.00849498174,0.00849589058,0.00849515074,0.00849565081,0.0084955342,0.00849477543,0.00850013783,0.00850494419,0.00850695895,0.00850803668,0.00850728566,0.00850671973,0.00850489098,0.00850448484,0.00850447123,0.00850372585,0.00850653499,0.00850640224,0.00850702502,0.00850677176,0.00849974035,0.00849844124,0.00850101291,0.00849882509,0.00850230021,0.0085005841,0.00850022571,0.00850045209,0.008497922,0.00850214507,0.0085020699,0.00850163981,0.00850002878,0.00849963286,0.00849951037,0.00849830842,0.00849670312,0.00849859247,0.00849747874,0.0084982062,0.0084993965,0.00849796301,0.00849721308,0.00849935767,0.00850110944,0.00850115523,0.00850134108,0.00850051277,0.00850160047,0.00849893612,0.00849843866,0.00849927076,0.00850138714,0.00849756045,0.00849279891,0.00849419119,0.00849475238,0.00849286239,0.0084942065,0.00849474588,0.00849700917,0.00849414322,0.00849450276,0.00849330054,0.0084930555,0.00849363678,0.00849491592,0.00849553125,0.00849536675,0.00849604853,0.00849418557,0.0084936621,0.00849571994,0.00849304045,0.00849580563,0.00849569228,0.00849647651,0.0084973115,0.00849686909,0.00849442574,0.00850671717,0.00850576121,0.00850440157,0.00849073072,0.00849539729,0.00849292073,0.00849184829,0.00849443092,0.00849785027,0.00849899959,0.00849829737,0.00849748653,0.00849782358,0.00849544743,0.00849663566,0.00850002394,0.00850201569,0.00849980812,0.00849904673,0.0084986119,0.00849871176,0.00849785508,0.00850773795,0.00850732933,0.00850859742,0.00850776695,0.00850576841,0.0085058679,0.00850522031,0.00850696212,0.00850728939,0.00850825316,0.00850806623,0.00850758148,0.00850500372,0.00850598462,0.00850561537,0.00850863559,0.00850945875,0.00850848152,0.00850588493,0.0085063806,0.00850651469,0.00850440666,0.00850381544,0.00850962475,0.00850860832,0.00850764446,0.0085049132,0.00850491461,0.00850708325,0.00850591862,0.00850580859,0.0085076623,0.0085067146,0.00850655733,0.00850597405,0.00850220056,0.00851777428,0.00851521405,0.00851764443,0.00851699163,0.00851721525,0.00851543711,0.00851483426,0.00851825217,0.00851773927,0.00851750538,0.00851843066,0.00849523926,0.00849041738,0.00849551524,0.00849507654,0.00849201491,0.00849554191,0.00849677485,0.00849601965,0.00849530494,0.0084970806,0.00850118754,0.00850375715,0.00850453056,0.00850222271,0.00850613138,0.00850443335,0.0085017934,0.00851864949,0.00851720947,0.00849523495,0.00849538899,0.00849755847,0.0084938071,0.00849156517,0.00849635779,0.00849560068,0.00849570852,0.0084956072,0.00849652003,0.00849790815,0.0084947184,0.00850032868,0.00850216312,0.00850256083
60MHz Running Times:,0.411379337310791,0.92409348487854,1.4377655982971191,1.9492249488830566,2.4610743522644043,2.9740114212036133,3.486889600753784,3.999307870864868,4.512377500534058,5.025631666183472,5.53812575340271,6.050938844680786,6.564086437225342,7.075694799423218,7.589502334594727,8.102299451828003,8.614954710006714,9.125929594039917,9.638196468353271,10.150233745574951,10.661173820495605,11.173324346542358,11.68695855140686,12.200230836868286,12.711312055587769,13.224669694900513,13.737161874771118,14.250833749771118,14.765773057937622,15.278966188430786,15.792192935943604,16.303849458694458,16.817206859588623,17.330354690551758,17.84346032142639,18.356943607330322,18.870157718658447,19.38157844543457,19.89487051963806,20.406582593917847,20.91832995414734,21.429940223693848,21.942168951034546,22.455684423446655,22.96933078765869,23.482309103012085,23.997175693511963,24.509706735610962,25.02291440963745,25.536670446395874,26.050772190093994,26.563254594802856,27.07660174369812,27.58876395225525,28.10300636291504,28.616308212280273,29.128161907196045,29.6421058177948,30.15466332435608,30.66646409034729,31.18055295944214,31.692436933517456,32.204782485961914,32.719680309295654,33.23201608657837,33.744569301605225,34.258750677108765,34.77226424217224,35.28660726547241,35.79836654663086,36.311590909957886,36.823548316955566,37.33526849746704,37.848445892333984,38.361839056015015,38.8757050037384,39.3900465965271,39.90513014793396,40.41824913024902,40.9316508769989,41.44418692588806,41.95708751678467,42.47119879722595,42.98453068733215,43.496482133865356,44.010640382766724,44.5222692489624,45.035061836242676,45.54821252822876,46.06203556060791,46.57498502731323,47.08762335777283,47.60155415534973,48.11390733718872,48.62730169296265,49.13928294181824,49.65187740325928,50.162973403930664,50.67496037483215,51.19370198249817,51.70802640914917,52.22036075592041,52.733100175857544,53.24749755859375,53.76063799858093,54.27169394493103,54.782891511917114,55.29546594619751,55.80730056762695,56.320488929748535,56.833674907684326,57.34542202949524,57.8610053062439,58.37415313720703,58.88853931427002,59.39965581893921,59.91330099105835,60.42694449424744,60.94181513786316,61.45474672317505,61.9677255153656,62.48322343826294,62.99625372886658,63.50823616981506,64.0219247341156,64.53441619873047,65.04644870758057,65.55874824523926,66.07174801826477,66.58416771888733,67.09761071205139,67.61004328727722,68.12373614311218,68.63612580299377,69.14814639091492,69.66224598884583,70.17472982406616,70.68739700317383,71.2018392086029,71.71449112892151,72.22774505615234,72.74399304389954,73.25613856315613,73.7691113948822,74.28149724006653,74.79481220245361,75.3078191280365,75.82121992111206,76.33547377586365,76.84726524353027,77.35999989509583,77.8721935749054,78.3864414691925,78.90112543106079,79.4148371219635,79.9278724193573,80.44042015075684,80.95208883285522,81.46371626853943,81.97662138938904,82.49126982688904,83.00463795661926,83.51647186279297,84.02885270118713,84.54177594184875,85.05428433418274,85.56717562675476,86.0815942287445,86.59377813339233,87.10769295692444,87.6183500289917,88.13125085830688,88.64384937286377,89.15679097175598,89.67072939872742,90.1838870048523,90.69613361358643,91.20867133140564,91.7223014831543,92.23592162132263,92.74812865257263,93.26012873649597,93.77298259735107,94.29058289527893,94.80244827270508,95.31497430801392,95.82780909538269,96.33989143371582,96.85299515724182,97.36497807502747,97.87720823287964,98.38972735404968,98.90147089958191,99.41332578659058,99.9263265132904,100.43866634368896,100.9532721042633,101.4678361415863,101.97934579849243,102.49124073982239,103.00468063354492,103.51755928993225,104.03062176704407,104.54503321647644,105.05684447288513,105.56747221946716,106.08122777938843,106.59430408477783,107.10821580886841,107.6211907863617,108.1328182220459,108.64483904838562,109.15712070465088,109.67028021812439,110.18183994293213,110.69414138793945,111.20545554161072,111.71918034553528,112.23193788528442,112.74330973625183,113.25554513931274,113.76670336723328,114.28043961524963,114.79216241836548,115.3046236038208,115.81761288642883,116.33297801017761,116.84523177146912,117.35838484764099,117.87084317207336,118.38335752487183,118.89610552787781,119.40862560272217,119.92134523391724
70MHz Voltages,Max Voltage:,0.00858453558,Average Voltage:,0.008570245290212759,Min Voltage,0.00855602717,Running Voltages:,0.0085710317,0.00857311741,0.00857549212,0.00857538538,0.00857467254,0.00857493503,0.00857546499,0.00857613847,0.00857425474,0.00857597046,0.00857595733,0.00857658325,0.00857861314,0.00857728959,0.00857834121,0.00857825269,0.00856302537,0.00856514955,0.0085642935,0.00856553855,0.00856326098,0.00856177972,0.00856230658,0.0085635615,0.00857110155,0.00856985315,0.00857216011,0.00857128361,0.0085681696,0.00856988294,0.00858224261,0.00858172094,0.00858369898,0.00858141027,0.00858226998,0.00858134665,0.00858113163,0.00858225317,0.00858386611,0.00858263765,0.00858362588,0.00858453558,0.00858093873,0.00856835818,0.00856758314,0.00856777703,0.00856739001,0.00856823976,0.00856578396,0.00856616319,0.00856624579,0.0085658232,0.00856688688,0.00856964902,0.00856845059,0.00857703112,0.00857694281,0.00857605209,0.00857627315,0.00857709945,0.00857575379,0.00857876527,0.00857839262,0.00857283889,0.00857006658,0.00856790233,0.0085704067,0.00856877751,0.00857037604,0.00857141402,0.00857228156,0.00856921643,0.00856877336,0.00856931797,0.00857138346,0.00857070678,0.00857011909,0.00857153101,0.00857041987,0.00856950843,0.00857091942,0.008570414,0.00856654933,0.00856458327,0.00856360394,0.0085651055,0.0085628215,0.00856252803,0.00856262447,0.00856664653,0.00856595904,0.00856252437,0.00856356945,0.00856314763,0.0085631964,0.00856332169,0.00856465908,0.00856543228,0.0085662769,0.00856262554,0.00856286999,0.00856527621,0.008564356,0.00856394656,0.00858143803,0.00858074323,0.0085808157,0.00857956707,0.00858130727,0.00858034304,0.00857944997,0.00858146335,0.008582472,0.00858318425,0.00858252761,0.00857941342,0.00858017475,0.00858007284,0.00858192131,0.00858150917,0.00858144896,0.00857123877,0.008558983,0.00855831524,0.00855665124,0.00855999349,0.00855673929,0.00855754711,0.00855681751,0.00855876641,0.00855674768,0.00855801424,0.00855602717,0.00857340859,0.00857760041,0.00857488125,0.00857780617,0.00857313896,0.00857517491,0.00857372332,0.00857646985,0.00857712485,0.00857456288,0.00857730299,0.00857453023,0.00857435476,0.00857465359,0.00857586676,0.00857695103,0.0085750808,0.00857061252,0.00856948035,0.00857075749,0.00856985089,0.00857298971,0.00857368514,0.00857282113,0.00857147258,0.00856981355,0.0085697471,0.008572095,0.00857130999,0.0085745747,0.00857192356,0.00857070947,0.00857109549,0.00857182011,0.00857111853,0.00856974583,0.00856882928,0.00856270469,0.00855936089,0.0085592437,0.0085577836,0.00855814846,0.00855921214,0.00856007025,0.00856164125,0.00856007829,0.00855839067,0.00855795498,0.00855815395,0.00855726514,0.00856057043,0.00856273294,0.00856080999,0.00856070932,0.00856220233,0.00856186317,0.00856338407,0.0085626383,0.00856142904,0.00856158505,0.00856060272,0.00855949261,0.00856595166,0.00856582113,0.00856721426,0.00856555557,0.00856465783,0.00856520477,0.00857247368,0.00857145591,0.00857215962,0.00857360114,0.00857292671,0.0085717925,0.00857444605,0.00857180232,0.00857100427,0.00857300054,0.00857187257,0.00857535314,0.00857308826,0.0085729909,0.00857213588,0.00857055147,0.00857143201,0.00857196557,0.00857251151,0.00857406164,0.00857216479,0.00857198976,0.00857231112,0.00857239919,0.00857350401,0.00857347988,0.00857436487,0.00857350208,0.00856946419,0.00857383259,0.00857115649,0.00855947758,0.00856024031,0.00855871741
70MHz Running Times:,0.4422872066497803,0.9551045894622803,1.4688973426818848,1.9817688465118408,2.4925689697265625,3.0044138431549072,3.516066312789917,4.027085304260254,4.538501262664795,5.049339056015015,5.560716390609741,6.072092771530151,6.58406400680542,7.0959694385528564,7.60800576210022,8.119123697280884,8.632618188858032,9.145568132400513,9.659963607788086,10.171810865402222,10.685431957244873,11.199649572372437,11.71152114868164,12.224569320678711,12.737691402435303,13.250901222229004,13.763025760650635,14.274784326553345,14.786642789840698,15.305660486221313,15.817504167556763,16.329633235931396,16.84238624572754,17.355717658996582,17.868610858917236,18.38234806060791,18.896029233932495,19.40755534172058,19.919379711151123,20.431480407714844,20.949829578399658,21.46151375770569,21.975593328475952,22.487284898757935,22.999854564666748,23.51083540916443,24.023394346237183,24.53711438179016,25.050880670547485,25.564675331115723,26.07715940475464,26.59096336364746,27.103361129760742,27.61574387550354,28.129224061965942,28.640545129776,29.152560472488403,29.6655113697052,30.17797875404358,30.691314220428467,31.203331470489502,31.714726448059082,32.22789430618286,32.7407169342041,33.25427865982056,33.767274618148804,34.279677867889404,34.79249596595764,35.30445051193237,35.81541466712952,36.32721161842346,36.83993172645569,37.351980686187744,37.864320039749146,38.37702012062073,38.890175580978394,39.4028902053833,39.9156858921051,40.42897033691406,40.941251277923584,41.45400524139404,41.966809034347534,42.47869372367859,42.99188542366028,43.50350832939148,44.01697063446045,44.52896523475647,45.04053616523743,45.55140948295593,46.06286811828613,46.57632756233215,47.087610960006714,47.599040508270264,48.11208248138428,48.62435245513916,49.137298822402954,49.6506073474884,50.16371822357178,50.67704916000366,51.188671588897705,51.701796770095825,52.21355843544006,52.725377559661865,53.23687481880188,53.74963617324829,54.26138472557068,54.77401423454285,55.28563380241394,55.798202991485596,56.310768365859985,56.82383918762207,57.33568286895752,57.84802174568176,58.36188721656799,58.87862586975098,59.38951563835144,59.90431594848633,60.417475938797,60.93076252937317,61.445223808288574,61.959083557128906,62.47001791000366,62.981602907180786,63.492923974990845,64.00602602958679,64.5198769569397,65.03295135498047,65.54388546943665,66.05627083778381,66.56837463378906,67.08232808113098,67.59470772743225,68.10837626457214,68.61972665786743,69.13095331192017,69.6435055732727,70.15611243247986,70.66823601722717,71.18079733848572,71.69490385055542,72.20603466033936,72.71791076660156,73.23172068595886,73.74565505981445,74.25810265541077,74.76982569694519,75.28121781349182,75.79382348060608,76.30647563934326,76.81909704208374,77.33141303062439,77.84403157234192,78.35552334785461,78.86649179458618,79.37929320335388,79.89029312133789,80.40318322181702,80.91680717468262,81.42912864685059,81.94083547592163,82.45416402816772,82.96569156646729,83.47743153572083,83.99183130264282,84.50401282310486,85.01781845092773,85.5304651260376,86.04297089576721,86.554927110672,87.0689492225647,87.57902383804321,88.09240770339966,88.60396552085876,89.11629843711853,89.62990689277649,90.14149689674377,90.6520369052887,91.16319012641907,91.67680788040161,92.18955039978027,92.7026891708374,93.21614480018616,93.72902703285217,94.2418532371521,94.75509452819824,95.26715397834778,95.78056406974792,96.29269647598267,96.8049259185791,97.31964182853699,97.8316342830658,98.34435248374939,98.85691714286804,99.37006330490112,99.8836567401886,100.39590501785278,100.90912508964539,101.42321991920471,101.93611454963684,102.4478669166565,102.96098494529724,103.4739077091217,103.9866030216217,104.49901008605957,105.01068043708801,105.52355718612671,106.03671026229858,106.55133581161499,107.06454753875732,107.57752513885498,108.08924746513367,108.60060214996338,109.11454606056213,109.62730026245117,110.14055514335632,110.65329146385193,111.16725015640259,111.67968082427979,112.1919481754303,112.70464825630188,113.21795749664307,113.73148822784424,114.24826836585999,114.76066017150879,115.27387022972107,115.78642797470093,116.29996299743652,116.81294846534729,117.32646656036377,117.84067058563232,118.35497975349426,118.86780214309692,119.38072776794434,119.89396166801453,120.40597367286682
80MHz Voltages,Max Voltage:,0.00865728418,Average Voltage:,0.008642941737276599,Min Voltage,0.00862980281,Running Voltages:,0.00864537927,0.00864897392,0.00864982965,0.00865144227,0.00865136464,0.00865253238,0.00865092644,0.00865083367,0.00864992061,0.00865421917,0.00865473828,0.00865290323,0.00865225495,0.00865192014,0.00864228361,0.00864109394,0.00864541884,0.00864475661,0.00864412973,0.00864477072,0.00864359626,0.00864138549,0.0086442099,0.00864450928,0.00864473427,0.00863572448,0.00863222862,0.00863269673,0.00863096628,0.00863194384,0.00863436828,0.00863381264,0.00863532682,0.00863376994,0.00862980281,0.00863234831,0.00863156379,0.00863264916,0.00863372878,0.00863454731,0.00863378629,0.00863325826,0.00863198591,0.00863332182,0.00863337935,0.00863384233,0.00863509079,0.00863467474,0.0086352789,0.00863531241,0.00863439321,0.00863319179,0.00863248198,0.00863422279,0.00863457771,0.00865446057,0.00865557106,0.00865526374,0.00865604078,0.00865438446,0.0086565649,0.00865728418,0.00865705061,0.00865539092,0.00863842155,0.00863921406,0.00863963386,0.00863940859,0.00864103853,0.00863936077,0.00863911646,0.00863868006,0.0086391575,0.00863920036,0.00863870749,0.0086415797,0.00863931923,0.00863956409,0.0086407701,0.00863900929,0.00863831552,0.00864103747,0.00863903937,0.00863801843,0.00863597301,0.00863464107,0.00863273782,0.00863348746,0.00863333755,0.00863448411,0.0086344088,0.00863468621,0.00863452905,0.00863877281,0.00863456863,0.0086355077,0.00863688145,0.00863813949,0.0086380571,0.00863565357,0.00863772857,0.00863602501,0.00864793002,0.0086480036,0.0086494591,0.00864846194,0.0086469749,0.00864817668,0.00864706662,0.0086457272,0.00864845123,0.00863924901,0.00863849715,0.00863805923,0.00863640662,0.00863659345,0.00863757507,0.00863747702,0.00863710526,0.00863947601,0.00863802948,0.00863852391,0.00863634681,0.00863718687,0.00863873054,0.00863792798,0.00864074157,0.00865070305,0.00864986592,0.00865035707,0.00864859205,0.00864526061,0.0086495645,0.00864604013,0.00864844783,0.00864552125,0.00864615118,0.00864397055,0.00864572408,0.00864578385,0.00864729726,0.00864715273,0.00864501545,0.00864802424,0.00864690197,0.00864591046,0.00864778438,0.00864830605,0.00864752098,0.00864567197,0.00864851176,0.00864803932,0.00864528002,0.0086353133,0.00863599406,0.00863615291,0.00863583228,0.00863588917,0.00863437298,0.00863312459,0.00865284729,0.00865321829,0.00865594149,0.00865573614,0.00865295453,0.00865424391,0.00865288788,0.00865361165,0.00865432136,0.008655078,0.00865305822,0.00864755015,0.00864626346,0.00864551292,0.00864754848,0.00864700677,0.0086476337,0.00864850418,0.00864673564,0.0086454936,0.00864634645,0.00864816715,0.00864665847,0.00864529532,0.00864956721,0.00864901683,0.0086483749,0.00864817478,0.00864472095,0.00864815671,0.00864779705,0.00863428903,0.00863535672,0.00863577616,0.00863555497,0.00863539899,0.00863548386,0.00863603599,0.00863778818,0.00863566563,0.00863896106,0.0086360114,0.00863294259,0.00863531565,0.0086363114,0.00863692496,0.00863671441,0.00863632474,0.00863633219,0.00863629444,0.00864790869,0.00864897206,0.00864938612,0.00864928265,0.00865193156,0.00865092447,0.00864935366,0.0086496093,0.0086505665,0.00864906208,0.00865072225,0.0086495105,0.0086486465,0.00864861349,0.00864657377,0.00864581554,0.00864772756,0.00865034112,0.00864999656,0.00864968286,0.00864819717,0.00864699238,0.00864761444,0.00864743144,0.00864965812
80MHz Running Times:,0.43254947662353516,0.9443202018737793,1.4567244052886963,1.9701173305511475,2.481569766998291,2.9942009449005127,3.5049383640289307,4.016613721847534,4.529240608215332,5.0407373905181885,5.5519797801971436,6.065032005310059,6.576245546340942,7.089255332946777,7.602060556411743,8.114466190338135,8.626794338226318,9.140924215316772,9.65330457687378,10.166693449020386,10.680189847946167,11.193011999130249,11.705789804458618,12.217333316802979,12.728360652923584,13.241276025772095,13.753139972686768,14.264557361602783,14.77701187133789,15.289692163467407,15.803500413894653,16.315805912017822,16.828845500946045,17.34152603149414,17.85507822036743,18.370031118392944,18.882293939590454,19.393706560134888,19.906372547149658,20.418115854263306,20.929816722869873,21.44191575050354,21.954152584075928,22.4662446975708,22.977925062179565,23.490612745285034,24.00352716445923,24.514854192733765,25.028756618499756,25.541688680648804,26.055052757263184,26.566919088363647,27.07890009880066,27.59071373939514,28.103505611419678,28.61550807952881,29.128646850585938,29.64052987098694,30.153815746307373,30.667378187179565,31.179548501968384,31.691737413406372,32.20579814910889,32.71883726119995,33.230459213256836,33.74125909805298,34.2555730342865,34.76977562904358,35.2815682888031,35.79242539405823,36.30519914627075,36.81626892089844,37.329349994659424,37.84278392791748,38.35371780395508,38.86561584472656,39.37853670120239,39.89095616340637,40.402583360672,40.91344499588013,41.42664670944214,41.93959164619446,42.450523853302,42.96373224258423,43.47513222694397,43.9879150390625,44.50066304206848,45.01441931724548,45.526206731796265,46.038049936294556,46.54979395866394,47.06289553642273,47.57493257522583,48.08664631843567,48.60009479522705,49.11245536804199,49.62523651123047,50.13761615753174,50.65041899681091,51.16287684440613,51.67585062980652,52.18759775161743,52.69958257675171,53.2103533744812,53.721731662750244,54.23524332046509,54.74915933609009,55.2634220123291,55.776047706604004,56.28884696960449,56.80176830291748,57.3140287399292,57.8271598815918,58.33973932266235,58.85194516181946,59.365171909332275,59.878310203552246,60.391053676605225,60.901939868927,61.41405940055847,61.92750597000122,62.43943428993225,62.95080924034119,63.46373629570007,63.976553440093994,64.48997282981873,65.00259852409363,65.51525926589966,66.02862572669983,66.54082417488098,67.05235862731934,67.56512880325317,68.07658338546753,68.5932149887085,69.10694217681885,69.61961460113525,70.13044571876526,70.64240574836731,71.1538896560669,71.66614031791687,72.18059015274048,72.69359612464905,73.20679664611816,73.71940302848816,74.23164963722229,74.74374222755432,75.25504207611084,75.76813912391663,76.28630447387695,76.79799485206604,77.30957698822021,77.82207226753235,78.33356809616089,78.84655809402466,79.36054420471191,79.87337446212769,80.38600730895996,80.89689183235168,81.40934491157532,81.92222261428833,82.43388557434082,82.94696569442749,83.45865082740784,83.97166061401367,84.48345184326172,84.99652290344238,85.50980949401855,86.02231216430664,86.53419589996338,87.04751229286194,87.5601236820221,88.07331943511963,88.5857949256897,89.09903073310852,89.61169242858887,90.12395167350769,90.6362042427063,91.14748859405518,91.65858125686646,92.17058086395264,92.68170189857483,93.19391751289368,93.70663595199585,94.21939897537231,94.73233985900879,95.2441668510437,95.75695323944092,96.26927375793457,96.784264087677,97.29683327674866,97.8090033531189,98.32142543792725,98.83426189422607,99.34590005874634,99.85730648040771,100.36903810501099,100.88101410865784,101.39202070236206,101.90225648880005,102.41548895835876,102.92810273170471,103.43994998931885,103.95092010498047,104.46385550498962,104.97596168518066,105.48778462409973,105.99957084655762,106.5107855796814,107.02795457839966,107.54044008255005,108.053213596344,108.56650638580322,109.07810497283936,109.58895182609558,110.10065960884094,110.61291027069092,111.12581157684326,111.63629341125488,112.14921283721924,112.66024684906006,113.17084217071533,113.6842770576477,114.19543147087097,114.70803546905518,115.22080278396606,115.73385429382324,116.24752116203308,116.76059603691101,117.27146220207214,117.78566765785217,118.29782247543335,118.81030917167664,119.32294178009033,119.83653140068054,120.34804320335388
90MHz Voltages,Max Voltage:,0.00873531014,Average Voltage:,0.008715005942510639,Min Voltage,0.00870488884,Running Voltages:,0.00871257242,0.00871612095,0.00870974788,0.00870776848,0.00871098686,0.00871159982,0.00871150944,0.00870838094,0.00871002347,0.0087128705,0.00871346657,0.00871381511,0.00871156522,0.00870798313,0.00870488884,0.0087067333,0.00870713137,0.0087081966,0.00870975413,0.00870906525,0.00870790409,0.00870619735,0.00870795803,0.00871824163,0.00872004621,0.00871974909,0.00872020884,0.00872126077,0.00871896959,0.00872017686,0.00872095476,0.00872146356,0.00872189139,0.00872067852,0.008722399,0.00871848744,0.00871789932,0.0087194437,0.00871379052,0.00871701427,0.00871568969,0.00871473603,0.00871308959,0.00871291111,0.00871467486,0.00871708395,0.00871529562,0.00871542434,0.00871552659,0.00871620114,0.00871441355,0.00871602874,0.00871728836,0.00872314874,0.00872339846,0.00872311325,0.00872405056,0.00872070695,0.0087216737,0.00872366701,0.00872293998,0.00872332833,0.00872246364,0.00871631183,0.00870863551,0.00870893491,0.00870735822,0.00870902028,0.00870999944,0.00870957434,0.00871028473,0.00871004188,0.00870564623,0.00870812625,0.00870861393,0.00871109366,0.00870945511,0.00871010554,0.00870814156,0.00870895545,0.00870853601,0.00870968766,0.00871054409,0.00871147021,0.0087218475,0.00872184006,0.00872075941,0.008721334,0.00872117985,0.00872302619,0.00872382432,0.00871036358,0.00870839655,0.00870852525,0.00870851426,0.00870872895,0.00870983371,0.00870946908,0.00871150169,0.00870930643,0.00870770608,0.00870804482,0.00870713661,0.00870984746,0.00870945654,0.00871102643,0.00871082952,0.00870782981,0.00870905003,0.00870779138,0.00871057572,0.00870972685,0.00871153188,0.0087140975,0.00871075047,0.00871164796,0.00871377193,0.00871283701,0.00871464872,0.00871455344,0.0087137598,0.00871450548,0.00871199457,0.00871294214,0.00871437008,0.00871110076,0.00871200433,0.00871159082,0.00870934366,0.00870897749,0.00870973488,0.00870697511,0.00871240475,0.00871165024,0.0087093898,0.00870955466,0.00870888494,0.00870686805,0.00870698851,0.00870958377,0.00870825514,0.00871355848,0.00871476477,0.0087125867,0.00871323057,0.00871059944,0.00871170689,0.00871318721,0.00871615187,0.00871550702,0.00871358922,0.00871244398,0.00871712808,0.00871868252,0.00871705409,0.00871813313,0.00872015219,0.00872022206,0.00872080437,0.00871620708,0.0087192279,0.0087198506,0.00871772336,0.00871978804,0.00871973088,0.00871920615,0.00871667923,0.00871813631,0.00871888263,0.00871956869,0.00871501241,0.00871643622,0.00871587849,0.00871311469,0.00871679576,0.00871598266,0.00871570986,0.00871823934,0.00871711625,0.00871630715,0.00870771616,0.0087082164,0.00870943149,0.00871123402,0.00871065341,0.00871100539,0.00871039081,0.00871071612,0.00870882766,0.00870713661,0.00871003209,0.00870972002,0.00871083978,0.00870994956,0.00870768798,0.00870906399,0.00870813903,0.00871045875,0.00871311247,0.00871064693,0.00871157528,0.00871115053,0.00870991108,0.00871051122,0.00871066401,0.0087113411,0.00871158731,0.00871301314,0.00873434768,0.00873415067,0.00873177274,0.00873196666,0.00873531014,0.00873525263,0.00873439488,0.00873447152,0.00873504004,0.00873377176,0.00872341321,0.00872415479,0.00872415629,0.00872575232,0.00872421805,0.00872364527,0.00872246164,0.00872336918,0.0087236132,0.00872335184,0.00872457544,0.00872352146,0.00872457739,0.00872177254,0.00872209647,0.0087210225,0.00872189133
90MHz Running Times:,0.4131150245666504,0.9263665676116943,1.4389808177947998,1.9517395496368408,2.4641592502593994,2.975367546081543,3.4873223304748535,3.999359607696533,4.510414361953735,5.022171497344971,5.534991502761841,6.046606063842773,6.558936595916748,7.071565389633179,7.585363388061523,8.096434354782104,8.608880996704102,9.121517181396484,9.634042024612427,10.148314714431763,10.66115403175354,11.17233395576477,11.6854248046875,12.198346376419067,12.710623502731323,13.221587896347046,13.733230352401733,14.244813919067383,14.757458925247192,15.268662691116333,15.782383441925049,16.295735120773315,16.809813737869263,17.32058310508728,17.834946632385254,18.347513675689697,18.860813856124878,19.374088048934937,19.88699746131897,20.39863610267639,20.911893367767334,21.42487335205078,21.93843388557434,22.450934648513794,22.963956594467163,23.476587772369385,23.98877191543579,24.500438928604126,25.013983726501465,25.52551031112671,26.038615226745605,26.55226707458496,27.066150665283203,27.578864336013794,28.090908527374268,28.60480523109436,29.117404222488403,29.62886881828308,30.141430139541626,30.655471324920654,31.168665409088135,31.681776523590088,32.19440937042236,32.70609784126282,33.21756458282471,33.73003268241882,34.24355101585388,34.7557897567749,35.2700412273407,35.782421827316284,36.2949538230896,36.80867600440979,37.32187080383301,37.834261417388916,38.34707713127136,38.86050629615784,39.373859882354736,39.88666892051697,40.39853620529175,40.9097638130188,41.42234778404236,41.936418771743774,42.449437856674194,42.962076902389526,43.47434639930725,43.98671865463257,44.4981951713562,45.012046337127686,45.524858474731445,46.036295652389526,46.55018901824951,47.06241059303284,47.57569456100464,48.087249517440796,48.59982943534851,49.11270499229431,49.62573719024658,50.13673114776611,50.648359060287476,51.160313844680786,51.67275547981262,52.185479164123535,52.69807243347168,53.210397720336914,53.72153615951538,54.2335991859436,54.745797634124756,55.2562096118927,55.76952075958252,56.28147506713867,56.79410409927368,57.305869579315186,57.8182909488678,58.32933783531189,58.842148542404175,59.35485577583313,59.86666512489319,60.37746071815491,60.88975667953491,61.40341591835022,61.91537952423096,62.42755675315857,62.93786382675171,63.45098853111267,63.96352171897888,64.47696423530579,64.99120092391968,65.50362992286682,66.01657938957214,66.52706694602966,67.03749132156372,67.55125403404236,68.06400990486145,68.57567310333252,69.08750200271606,69.59927988052368,70.11036038398743,70.62287735939026,71.13464260101318,71.64778304100037,72.16135621070862,72.67350554466248,73.18481945991516,73.6966872215271,74.20941233634949,74.72120761871338,75.23444437980652,75.74931955337524,76.26142621040344,76.77301907539368,77.28596115112305,77.79744291305542,78.31033420562744,78.82219338417053,79.33450722694397,79.84694147109985,80.35906219482422,80.87246799468994,81.38443493843079,81.89687919616699,82.40808081626892,82.92154335975647,83.43438577651978,83.94751787185669,84.46061897277832,84.97302651405334,85.48465633392334,85.99790906906128,86.51091003417969,87.02239799499512,87.53547668457031,88.04815864562988,88.56013417243958,89.07118153572083,89.58281087875366,90.09423899650574,90.6080710887909,91.12072157859802,91.6338460445404,92.14591836929321,92.65843081474304,93.17187404632568,93.68468523025513,94.19855451583862,94.71034932136536,95.22314167022705,95.7344377040863,96.24755144119263,96.75985717773438,97.27234649658203,97.78540778160095,98.29802083969116,98.81067132949829,99.32362389564514,99.83482027053833,100.34883260726929,100.86260604858398,101.37640333175659,101.88850021362305,102.40049290657043,102.91482830047607,103.42783617973328,103.94080257415771,104.45409631729126,104.96646809577942,105.47785639762878,105.99151349067688,106.50278639793396,107.01767206192017,107.53057813644409,108.04354190826416,108.55693864822388,109.06877708435059,109.58044981956482,110.09258460998535,110.60448908805847,111.11723327636719,111.62987637519836,112.14256930351257,112.65598249435425,113.16758608818054,113.68067741394043,114.19216418266296,114.70531868934631,115.21773290634155,115.72996020317078,116.24385857582092,116.75567674636841,117.26833868026733,117.78067708015442,118.29231357574463,118.80500507354736,119.31758975982666,119.83125591278076,120.34280729293823
100MHz Voltages,Max Voltage:,0.00880352703,Average Voltage:,0.008784087259276593,Min Voltage,0.00877313058,Running Voltages:,0.00877534747,0.00877530305,0.00877583835,0.00877703756,0.00877742772,0.00877857289,0.00877814929,0.00877557921,0.0087771263,0.00877881914,0.00877775656,0.00877804534,0.00877916119,0.0087768815,0.00877890251,0.00877941824,0.00878186661,0.00878266472,0.00878202663,0.00878277154,0.00878198939,0.00877933821,0.00878093642,0.00878179017,0.00878413645,0.00877793926,0.00877752387,0.00877744457,0.0087756375,0.00877313058,0.00877630678,0.00878001723,0.00877641633,0.00877771723,0.00877717205,0.00877691963,0.00877705525,0.00877955475,0.00877648476,0.00877839101,0.00877764529,0.00877662527,0.00877891383,0.00877714693,0.0087776228,0.00877876257,0.00877896615,0.00877899346,0.00877887199,0.0087777029,0.00877705943,0.00877623821,0.00877743154,0.00877980873,0.00877691176,0.00877956737,0.00877671832,0.00877788806,0.00877842652,0.00877773757,0.00877860635,0.00878014991,0.00878217669,0.00878649108,0.00878476735,0.00878570429,0.00878742409,0.0087876087,0.00878750242,0.00878628249,0.00878765047,0.00878678734,0.00878690887,0.00878868587,0.00880167345,0.00880085801,0.00880279156,0.00880184025,0.00880186013,0.00879882984,0.00879743032,0.00879998179,0.00880026915,0.00880314063,0.00880220361,0.00880008929,0.00880123523,0.00880097153,0.00880084717,0.00880352703,0.00877973551,0.00877858163,0.00877626593,0.00877633638,0.0087783583,0.00877826419,0.00877817247,0.00877786872,0.00877817503,0.00877990088,0.00877888682,0.00877609596,0.00878188696,0.00878394152,0.00878618937,0.00878665878,0.00878468621,0.00878554169,0.00878332369,0.00878463195,0.0087862277,0.00878648226,0.00878557447,0.00878376632,0.00878475909,0.00878481895,0.00878295353,0.0087833537,0.00878656186,0.00878483916,0.00878398933,0.00878645043,0.00878575329,0.00878381245,0.0087848507,0.00878488676,0.0087874867,0.00878627966,0.00878586006,0.00878734968,0.00878391163,0.00878410821,0.00878418676,0.00878605424,0.00878581612,0.00878566985,0.00878501279,0.0087831897,0.00878585858,0.00878593444,0.00878463545,0.00878721958,0.0087865827,0.00878557238,0.00878703301,0.00878523819,0.00878031239,0.00878266304,0.00878109831,0.00878100241,0.0087809349,0.00878164176,0.00878172479,0.00878023007,0.00878297869,0.00877953748,0.00877950924,0.00877890341,0.00877994819,0.00878094016,0.00877984142,0.00878265361,0.00878454735,0.00878702678,0.00878661318,0.00878574424,0.00878464279,0.00878513744,0.008786333,0.00878685252,0.00878605298,0.0087850803,0.00878733715,0.00878595121,0.00878672935,0.0087841425,0.00878522208,0.00878560928,0.00878640181,0.00879559804,0.00879294377,0.00879212296,0.00879346566,0.00879562743,0.00879586126,0.00879593868,0.00879580255,0.00879385614,0.00879228024,0.00879214723,0.00879034061,0.00878170581,0.00878102927,0.00878188288,0.00878012702,0.00877961058,0.00877962169,0.00878192213,0.00878747253,0.00878165287,0.00878021192,0.00878225315,0.00878119573,0.00878130928,0.00877870644,0.00878101502,0.00878147983,0.00878166551,0.00877915573,0.00878053939,0.00877968946,0.00877952415,0.00878697288,0.00878545339,0.00878604497,0.00878650654,0.0087828475,0.00878310338,0.0087843353,0.00878381206,0.00878701963,0.00878597417,0.00878647797,0.00878631241,0.00878486909,0.00878545188,0.0087870778,0.0087833907,0.00878687838,0.00878616762,0.00878633572,0.00878733205,0.00878646879,0.00878801708,0.00879904524
100MHz Running Times:,0.4102017879486084,0.9234137535095215,1.4349174499511719,1.9472062587738037,2.4589099884033203,2.9726226329803467,3.485399007797241,3.9989888668060303,4.510144472122192,5.022237062454224,5.5356059074401855,6.047466039657593,6.560919284820557,7.073318719863892,7.585887670516968,8.09733510017395,8.608350038528442,9.121314764022827,9.632113933563232,10.145265102386475,10.656887769699097,11.168822526931763,11.681891679763794,12.19372820854187,12.70560336112976,13.216673851013184,13.728306293487549,14.240627527236938,14.751831531524658,15.26383090019226,15.778331756591797,16.290140867233276,16.801875591278076,17.31378173828125,17.825716733932495,18.338331937789917,18.851827144622803,19.365215301513672,19.877150774002075,20.395496368408203,20.9091899394989,21.422420263290405,21.93458366394043,22.448185205459595,22.959821462631226,23.473918676376343,23.987623929977417,24.501562118530273,25.015370845794678,25.526774406433105,26.03838324546814,26.550922870635986,27.062918663024902,27.573500871658325,28.08603549003601,28.597728967666626,29.1103515625,29.622755765914917,30.13400435447693,30.6490261554718,31.162707805633545,31.6738760471344,32.18695044517517,32.70022487640381,33.213221073150635,33.72653150558472,34.24567365646362,34.75729751586914,35.27160310745239,35.78442430496216,36.29652547836304,36.8109245300293,37.32478737831116,37.837629318237305,38.350441694259644,38.861578941345215,39.3743360042572,39.88610315322876,40.39891767501831,40.911582946777344,41.425026655197144,41.93814206123352,42.45090961456299,42.96410393714905,43.47546076774597,43.985960483551025,44.496718883514404,45.01030731201172,45.5237090587616,46.035973072052,46.55025315284729,47.062138080596924,47.57326817512512,48.08505940437317,48.597776889801025,49.10974478721619,49.62286114692688,50.13484978675842,50.64688801765442,51.15948295593262,51.67366099357605,52.18652606010437,52.69819974899292,53.21308159828186,53.72665572166443,54.24014663696289,54.752175092697144,55.26477670669556,55.77778744697571,56.29089140892029,56.80444931983948,57.31739926338196,57.83010005950928,58.34034061431885,58.85207462310791,59.36363911628723,59.87507224082947,60.38766598701477,60.899493932724,61.4125235080719,61.92576456069946,62.438597440719604,62.95022892951965,63.46088910102844,63.97405815124512,64.4864649772644,64.99764466285706,65.50912070274353,66.0217547416687,66.53514099121094,67.04767775535583,67.55913186073303,68.07122015953064,68.58238863945007,69.09584784507751,69.60859107971191,70.1221125125885,70.63401913642883,71.14721202850342,71.65826034545898,72.1710593700409,72.68422865867615,73.19702053070068,73.71075201034546,74.22289967536926,74.73473119735718,75.24499869346619,75.75745940208435,76.26959180831909,76.7824478149414,77.29487466812134,77.80677700042725,78.3196930885315,78.83115482330322,79.34404468536377,79.85494542121887,80.36712169647217,80.87788152694702,81.39103889465332,81.90427374839783,82.41779685020447,82.92934131622314,83.44264316558838,83.95602083206177,84.46812200546265,84.98196315765381,85.49561095237732,86.00754833221436,86.51864647865295,87.03231167793274,87.54317235946655,88.0562789440155,88.5690565109253,89.0828640460968,89.59527158737183,90.1076431274414,90.62009954452515,91.13218855857849,91.64528322219849,92.15934324264526,92.67218375205994,93.18476557731628,93.69767260551453,94.20854258537292,94.7216854095459,95.23410224914551,95.7465660572052,96.25828289985657,96.76938009262085,97.28386235237122,97.79472756385803,98.30658411979675,98.81930470466614,99.33028173446655,99.84358096122742,100.35786581039429,100.87088775634766,101.38379883766174,101.8955135345459,102.40757989883423,102.91915655136108,103.43175888061523,103.94603133201599,104.45827603340149,104.97940063476562,105.49145650863647,106.00435876846313,106.51729011535645,107.02960705757141,107.54260206222534,108.05465292930603,108.56653046607971,109.07808756828308,109.58924388885498,110.10095381736755,110.61243844032288,111.12474274635315,111.63656520843506,112.14972615242004,112.6614990234375,113.1748526096344,113.68649411201477,114.19907712936401,114.71110343933105,115.22224402427673,115.73240780830383,116.24606847763062,116.75934648513794,117.27253103256226,117.78639149665833,118.29964923858643,118.81221842765808,119.32551193237305,119.83837985992432,120.34996294975281
125MHz Voltages,Max Voltage:,0.00899666095,Average Voltage:,0.008974743315787239,Min Voltage,0.00895994316,Running Voltages:,0.00898201966,0.00898681093,0.00899023139,0.00896072726,0.00896022744,0.0089619285,0.00896035794,0.00895994316,0.00896201993,0.00896155501,0.0089636354,0.00896465018,0.00898004903,0.00897235647,0.00897734185,0.00897611978,0.00897155003,0.00897020683,0.0089725221,0.00897097431,0.00897118085,0.00896687745,0.00896260802,0.00896404539,0.00896496575,0.0089699066,0.00896813131,0.00896846352,0.00896926288,0.00896800047,0.0089674667,0.00896902027,0.00897085761,0.00896361213,0.00896556762,0.00896369416,0.00896302494,0.00896379939,0.00896450537,0.00896714842,0.00896774603,0.00896534887,0.00897257664,0.0089694556,0.00896937796,0.00897166042,0.00897110649,0.00897179991,0.00897246522,0.00896900276,0.00896878066,0.00897013125,0.00897045556,0.00897037553,0.00897145174,0.00896812042,0.00896717046,0.00896747392,0.00896484348,0.00896670609,0.00896711233,0.0089664896,0.0089688104,0.00896799986,0.00896537164,0.00896474831,0.00896365952,0.00896679681,0.00896751459,0.0089671491,0.00896737608,0.00897421324,0.00896593417,0.00896692174,0.00896823585,0.00897952745,0.00898144748,0.00898029533,0.00898146576,0.0089805172,0.00897976112,0.00898265825,0.00898169579,0.00898157689,0.00898622766,0.00898129159,0.00898110269,0.008969159,0.0089668241,0.00896945858,0.0089680486,0.00897039408,0.00896837602,0.00896880439,0.00896867174,0.008966378,0.00896750213,0.00896766934,0.00897132919,0.0089695474,0.00897669011,0.00898161709,0.00897902793,0.00897887412,0.00898095493,0.00897696839,0.00898181024,0.00897907101,0.00897986134,0.00898018519,0.00897854567,0.00898136976,0.0089830728,0.00898164856,0.00898042088,0.00898020041,0.00897581829,0.0089657152,0.00896876409,0.00896882584,0.00896804909,0.00896703869,0.00896852519,0.00896682592,0.00896732742,0.00896710475,0.00897015243,0.00896909761,0.00896923862,0.00896906635,0.00899062313,0.00899070508,0.00899666095,0.00899463524,0.00899240675,0.00899279135,0.00897579425,0.00897552785,0.00897659304,0.00897476924,0.0089786343,0.0089787954,0.008971883,0.00896737887,0.00896837281,0.00896919974,0.008967612,0.00896837525,0.00896903319,0.00896918047,0.00897391897,0.00897396079,0.00897075243,0.00897322661,0.00897290088,0.00897567314,0.00897455035,0.00897398046,0.00896940078,0.00896919943,0.00897221239,0.00897041379,0.00897089476,0.00897209854,0.00897647516,0.00897513442,0.00897482747,0.00897754496,0.00897616953,0.00897543461,0.00897808522,0.00898631926,0.00898521798,0.00898556474,0.00898370349,0.00898681759,0.00898600737,0.0089870912,0.00898667128,0.00898494706,0.00897931178,0.00896894972,0.00897044113,0.00896979826,0.00896956444,0.00897155765,0.00897200444,0.00896632301,0.00897717121,0.00897513031,0.00897458906,0.00897638797,0.00897915382,0.0089775112,0.00897435662,0.00897753567,0.00897504123,0.00897637255,0.00898688757,0.00898724955,0.00898889336,0.00898596633,0.00898602073,0.00898370561,0.00898438544,0.00898682196,0.00898768611,0.00898598167,0.00898681315,0.00898669809,0.00898685748,0.00898621268,0.00898752678,0.00898867416,0.00898776033,0.00898693884,0.00898889033,0.00898933781,0.00898708264,0.0089895654,0.00898747921,0.00899012337,0.00899053644,0.0089857445,0.00898412007,0.00898169535,0.00898213935,0.00898367555,0.00897319046,0.00897204595,0.00897119659,0.00897144894,0.00897151168,0.00897097378,0.00897012931
125MHz Running Times:,0.41095447540283203,0.9226341247558594,1.4353861808776855,1.9471113681793213,2.4595043659210205,2.9720876216888428,3.4846789836883545,3.9975316524505615,4.511035919189453,5.02369499206543,5.535015106201172,6.047755002975464,6.560334205627441,7.072666645050049,7.584777116775513,8.097370147705078,8.607964992523193,9.12073564529419,9.634604692459106,10.147723197937012,10.65919828414917,11.170044183731079,11.681817770004272,12.192728281021118,12.706259965896606,13.220161199569702,13.73270869255066,14.246016025543213,14.757839441299438,15.270028591156006,15.782890319824219,16.295941591262817,16.808157444000244,17.31970453262329,17.833500862121582,18.34539771080017,18.858060836791992,19.37123417854309,19.88305115699768,20.393958806991577,20.9058039188385,21.418222427368164,21.929680347442627,22.439802408218384,22.95274329185486,23.463646173477173,23.977302312850952,24.49082899093628,25.00459599494934,25.517462253570557,26.030982971191406,26.544113397598267,27.056323289871216,27.567816495895386,28.080216884613037,28.593911170959473,29.107442378997803,29.619425058364868,30.132424354553223,30.646540641784668,31.159353494644165,31.672444581985474,32.18632650375366,32.69850707054138,33.21156048774719,33.72353267669678,34.23558592796326,34.74764585494995,35.261314868927,35.77419328689575,36.28690433502197,36.798797845840454,37.31083655357361,37.82257914543152,38.33360457420349,38.84721565246582,39.35956859588623,39.872695446014404,40.38683867454529,40.898658752441406,41.411800384521484,41.92486619949341,42.435787200927734,42.94809818267822,43.45986747741699,43.97147226333618,44.484378814697266,44.99603986740112,45.50819802284241,46.0218460559845,46.532981157302856,47.04485321044922,47.55758547782898,48.06982898712158,48.58195114135742,49.09586834907532,49.609211921691895,50.121784925460815,50.6342716217041,51.1463987827301,51.659225940704346,52.172183990478516,52.68347144126892,53.195841550827026,53.708292961120605,54.21960711479187,54.73235464096069,55.2451286315918,55.75798726081848,56.26959848403931,56.781283140182495,57.292266845703125,57.80327820777893,58.31458783149719,58.82775092124939,59.34003925323486,59.854015827178955,60.367380142211914,60.87870693206787,61.39102482795715,61.90396475791931,62.41503953933716,62.926095485687256,63.438764572143555,63.95020127296448,64.46273064613342,64.97532081604004,65.48769307136536,66.00083184242249,66.51436924934387,67.02597856521606,67.54015469551086,68.05081224441528,68.56350779533386,69.07632422447205,69.58945298194885,70.10180306434631,70.61557340621948,71.12714219093323,71.63943338394165,72.15220904350281,72.66515946388245,73.1774845123291,73.6917085647583,74.20471787452698,74.7161271572113,75.22697472572327,75.74034810066223,76.25380969047546,76.76635408401489,77.27887606620789,77.79201149940491,78.30455541610718,78.81656002998352,79.32885909080505,79.84239220619202,80.35436534881592,80.86734223365784,81.37831115722656,81.8910231590271,82.40255784988403,82.91538953781128,83.42669415473938,83.94088244438171,84.45249843597412,84.9646213054657,85.47592425346375,85.98874878883362,86.50134944915771,87.01392221450806,87.5280601978302,88.04232549667358,88.55588984489441,89.06908750534058,89.58109760284424,90.09484505653381,90.60929656028748,91.12269496917725,91.63618850708008,92.14982914924622,92.66267013549805,93.1746871471405,93.68552756309509,94.19958090782166,94.7118787765503,95.22443199157715,95.73521852493286,96.24923944473267,96.76153421401978,97.27268671989441,97.78459024429321,98.29651260375977,98.80831742286682,99.32081127166748,99.83384251594543,100.34525775909424,100.85670733451843,101.3687117099762,101.88164377212524,102.39562749862671,102.9085099697113,103.41995191574097,103.93174123764038,104.44449043273926,104.95669841766357,105.46962141990662,105.9811520576477,106.4941987991333,107.00510883331299,107.51772737503052,108.02878856658936,108.54189324378967,109.05480122566223,109.56699681282043,110.07835459709167,110.59159278869629,111.10328960418701,111.6154260635376,112.12829303741455,112.63970017433167,113.15118408203125,113.66580438613892,114.17875003814697,114.69274067878723,115.2038881778717,115.71548080444336,116.22714877128601,116.74031853675842,117.25287771224976,117.76653146743774,118.27767896652222,118.79072713851929,119.30348134040833,119.81660628318787,120.32901811599731
150MHz Voltages,Max Voltage:,0.00917789218,Average Voltage:,0.009161431288042556,Min Voltage,0.009147638,Running Voltages:,0.00916716326,0.00917138187,0.009147638,0.00914912438,0.00914770145,0.00914920464,0.00914917342,0.00914997604,0.0091503859,0.00915006991,0.00915188512,0.00915007626,0.0091505142,0.00915563279,0.00915633358,0.00915718737,0.00915617,0.00916002222,0.00915998366,0.00915920127,0.00915860724,0.00915678811,0.00915737605,0.0091647041,0.00916710185,0.00916295098,0.00916486583,0.00916457989,0.00916525888,0.00915962113,0.00916595874,0.00916519433,0.00915886875,0.00916114036,0.00916072855,0.00915779368,0.00915809777,0.00916005262,0.00915935322,0.00916093745,0.00916300722,0.00915899966,0.00915763575,0.00915390756,0.00915043817,0.00915398134,0.00915416027,0.00915260107,0.00915683949,0.00915543268,0.00915225321,0.0091527579,0.00915389803,0.00917189113,0.00917335746,0.00917500033,0.00917348542,0.00917134636,0.00917303192,0.00917276866,0.00916897898,0.00916531112,0.00915557197,0.00915482158,0.00915452991,0.00915374219,0.00915349609,0.00915437796,0.00915580285,0.00915777401,0.00915489557,0.00915419547,0.00915363131,0.00915368678,0.0091552902,0.00915446982,0.00915558602,0.00915622818,0.00915846116,0.00915465837,0.00915549213,0.00914918437,0.00915522431,0.00915505057,0.00915867819,0.00915650193,0.00915465871,0.00917475266,0.00917552481,0.00917658214,0.0091764166,0.00917718597,0.00917789218,0.00917586945,0.00917375796,0.00917540904,0.00917616408,0.00917579162,0.00917752088,0.00917652873,0.00915787678,0.00915796747,0.00915628145,0.00915635073,0.00915646877,0.00915621457,0.00915944495,0.00915810851,0.00915744042,0.00915631838,0.00915501082,0.00915774496,0.00915811452,0.00915415978,0.00915666304,0.00915655679,0.00915420984,0.00915591558,0.00915620291,0.00915870792,0.00915975704,0.00915706771,0.00916050297,0.00915805912,0.00915716316,0.00915785894,0.00915962618,0.00916039652,0.00915996634,0.00915832976,0.00915670585,0.00915596657,0.00915450397,0.00916000878,0.00915837833,0.0091592341,0.00915861427,0.0091564191,0.00915803576,0.0091584421,0.0091585101,0.00915734988,0.00915871491,0.00915859865,0.0091571457,0.00915540979,0.00915519344,0.00915464142,0.00915870025,0.00915798163,0.00915750084,0.00915856377,0.00915666723,0.00915547013,0.00915721885,0.00917511707,0.00917472518,0.00917426503,0.0091761698,0.00916839043,0.00917353241,0.00917303745,0.00917279112,0.00917496996,0.00917423798,0.0091725304,0.0091740882,0.00917276156,0.00916085289,0.0091615701,0.00916423378,0.00916292315,0.00916252469,0.00916331737,0.00916137743,0.00916059378,0.00916184309,0.00916550587,0.00916909252,0.00916885142,0.00916926179,0.00916964174,0.00916309861,0.00916431213,0.00916454916,0.00916628118,0.00916673804,0.00916641666,0.0091628956,0.00916600761,0.00916728554,0.00916881155,0.00917044058,0.00916927388,0.00917045186,0.00917102359,0.00916847286,0.00916948439,0.00917101131,0.00916331635,0.00916537022,0.00916517711,0.00916419289,0.00916271066,0.00916273053,0.00916385437,0.00916563113,0.00915654801,0.0091580279,0.00915540554,0.00915748095,0.0091559278,0.00915742329,0.00915788756,0.00915703159,0.00916024429,0.00915724634,0.00915718757,0.00915086509,0.00915587305,0.00915924961,0.00916244236,0.00916060222,0.00916127877,0.00916092561,0.00915851183,0.00915947272,0.00916009249,0.00916104907,0.00917223263,0.0091735879,0.00917284501,0.00917105068,0.0091713573,0.00917300577
150MHz Running Times:,0.4126887321472168,0.9260091781616211,1.4390954971313477,1.9519236087799072,2.4633145332336426,2.975771903991699,3.4881999492645264,3.9984018802642822,4.511214256286621,5.022339582443237,5.5332725048065186,6.045966863632202,6.558988332748413,7.071611166000366,7.585113763809204,8.096437454223633,8.608723402023315,9.122947692871094,9.63475227355957,10.147499561309814,10.660257577896118,11.171328067779541,11.685643672943115,12.198958396911621,12.71309757232666,13.22585129737854,13.737748622894287,14.24985408782959,14.761665344238281,15.274020433425903,15.785490989685059,16.29759669303894,16.80938458442688,17.321778774261475,17.832684755325317,18.343387365341187,18.855141639709473,19.367127656936646,19.881035327911377,20.39414620399475,20.90674614906311,21.419140100479126,21.931315898895264,22.445048332214355,22.95775318145752,23.470313787460327,23.98349118232727,24.494568824768066,25.005855798721313,25.517402172088623,26.02956533432007,26.542156457901,27.05412268638611,27.56517481803894,28.07747220993042,28.588892936706543,29.100484609603882,29.610912799835205,30.123133659362793,30.634833812713623,31.14566707611084,31.658608198165894,32.16965174674988,32.682422399520874,33.19524335861206,33.706491231918335,34.21984267234802,34.7329785823822,35.24574851989746,35.75802731513977,36.268611907958984,36.782500982284546,37.29569220542908,37.81096005439758,38.32357740402222,38.83480262756348,39.345901012420654,39.858717918395996,40.371771574020386,40.884363889694214,41.3963463306427,41.90664529800415,42.418899059295654,42.93244409561157,43.44484996795654,43.957550048828125,44.47014355659485,44.98330593109131,45.49592638015747,46.0086874961853,46.52068495750427,47.03273248672485,47.54556155204773,48.05754613876343,48.569523096084595,49.082552909851074,49.5937340259552,50.105356216430664,50.61706352233887,51.128037214279175,51.64162802696228,52.15456557273865,52.666011095047,53.17892861366272,53.69099259376526,54.20431423187256,54.7150776386261,55.22648787498474,55.73811912536621,56.2507209777832,56.7634961605072,57.27853226661682,57.790364265441895,58.3029522895813,58.81566095352173,59.32772517204285,59.84083676338196,60.35438776016235,60.86804819107056,61.381227016448975,61.89337229728699,62.40633678436279,62.91854548454285,63.430633783340454,63.94377398490906,64.45573616027832,64.96965622901917,65.48506879806519,65.99756693840027,66.51647019386292,67.02909564971924,67.54211449623108,68.05452394485474,68.56508588790894,69.07909941673279,69.5921266078949,70.10344386100769,70.61678814888,71.12951946258545,71.64143562316895,72.15336966514587,72.66585731506348,73.17716312408447,73.68846583366394,74.20014452934265,74.71204710006714,75.22443127632141,75.73545718193054,76.24773120880127,76.76004004478455,77.27107906341553,77.78369450569153,78.29605960845947,78.80891060829163,79.32125806808472,79.83386898040771,80.3449239730835,80.85816025733948,81.36972761154175,81.8820629119873,82.39452481269836,82.90866875648499,83.42227935791016,83.93523025512695,84.44744729995728,84.95942759513855,85.47096538543701,85.98183155059814,86.4935348033905,87.0057578086853,87.51776027679443,88.02970862388611,88.54188632965088,89.05370211601257,89.56613302230835,90.07830262184143,90.58963465690613,91.10249400138855,91.61426162719727,92.12608647346497,92.63874435424805,93.15105414390564,93.66281270980835,94.1745297908783,94.68769454956055,95.20032334327698,95.71198678016663,96.22460961341858,96.73772621154785,97.2510404586792,97.76330995559692,98.27524042129517,98.78639483451843,99.29708552360535,99.80929040908813,100.32193851470947,100.8337619304657,101.34540629386902,101.85730862617493,102.36812996864319,102.87897634506226,103.3921422958374,103.90332961082458,104.41467881202698,104.9291524887085,105.4413115978241,105.95283555984497,106.46532464027405,106.9779269695282,107.49007821083069,108.00243639945984,108.51392102241516,109.02493286132812,109.53960180282593,110.05274534225464,110.56633996963501,111.07808995246887,111.58990287780762,112.1021716594696,112.61351609230042,113.12588310241699,113.6382224559784,114.15021777153015,114.66308832168579,115.17449235916138,115.68634176254272,116.19865345954895,116.71093082427979,117.22369575500488,117.7355465888977,118.24741005897522,118.76036262512207,119.27313470840454,119.78523349761963,120.29920363426208
155MHz Voltages,Max Voltage:,0.00924114808,Average Voltage:,0.009219592112255324,Min Voltage,0.00919661767,Running Voltages:,0.00919661767,0.00920963068,0.00922886739,0.00922985867,0.00922966494,0.00923094955,0.00923348711,0.00923224284,0.00923139532,0.00923337483,0.00923400653,0.00922575116,0.0092218343,0.00922188845,0.00921955471,0.00921898492,0.00922222932,0.00922385418,0.00922369616,0.00922357681,0.00922367664,0.00921880555,0.00920716415,0.00921101615,0.00921233815,0.00921217457,0.0092120279,0.00921168081,0.00920751613,0.00920991585,0.00921065205,0.00921090866,0.00921103401,0.00921302316,0.00921067768,0.00921228328,0.00921174564,0.00920890642,0.00921320056,0.00921246264,0.00921353005,0.00920841904,0.00921179043,0.00921032658,0.00921058872,0.00921048043,0.00921515453,0.00921382296,0.00921323082,0.00921501661,0.00921174771,0.00922417033,0.0092272825,0.0092287229,0.00922804703,0.00923000725,0.00922665341,0.00922574777,0.00922546516,0.00922606116,0.00922019831,0.00922141569,0.00921992363,0.00921859212,0.00921917325,0.00922040793,0.00921799993,0.00921869029,0.00922084891,0.00922033077,0.00921923608,0.00921942771,0.00921618657,0.00921703125,0.00921941023,0.00921758963,0.00921951262,0.00921783574,0.0092179903,0.00921692784,0.00921677849,0.00921801429,0.0092141654,0.00921614868,0.00921524421,0.00921298292,0.00921514277,0.00921468919,0.00921363732,0.0092129028,0.00921230641,0.00921494451,0.00921730286,0.00921496446,0.00921481411,0.00921197814,0.00921358982,0.00921677213,0.00921626344,0.00921575184,0.0092157479,0.00921554161,0.00921310224,0.00921495166,0.00921495636,0.00921621079,0.00921782639,0.00921546544,0.00921339854,0.00921916931,0.009221795,0.00922217562,0.00922180829,0.00922167241,0.00922151471,0.00922122034,0.00922084883,0.00921905006,0.00922201227,0.00922309028,0.00921840888,0.00921574459,0.00921634598,0.0092169555,0.00921360774,0.00921558949,0.00921827921,0.00921633169,0.00921730292,0.00921534102,0.00921548113,0.00921466711,0.00921678505,0.00921682212,0.00921602949,0.00921741458,0.0092170625,0.00921510428,0.00921517586,0.00921284496,0.0092146337,0.00921613493,0.00921715524,0.00921471375,0.00921346952,0.00921343529,0.00921381563,0.00921359082,0.00921664772,0.00921762241,0.00921660894,0.0092194739,0.00921807388,0.00921784985,0.00921867089,0.00922103303,0.00922151627,0.00921961035,0.00922021846,0.00922047575,0.00922029806,0.00922121134,0.00922263703,0.00922244392,0.00922407891,0.00922279085,0.0092217903,0.00921957471,0.0092157966,0.00921750442,0.00921968503,0.00924070508,0.00924114808,0.00923990907,0.00923973107,0.00923925931,0.0092400826,0.00924005865,0.00922016904,0.00922153355,0.00922056726,0.00921994161,0.00921876457,0.00921991507,0.00922025059,0.00922258243,0.0092205289,0.00921685471,0.00921537822,0.00921127747,0.00921345375,0.00923775842,0.00923592153,0.00923784831,0.00923730147,0.00923750081,0.00923594967,0.00923868159,0.00923819401,0.00923726426,0.00923678888,0.00923772741,0.00921955105,0.00921710496,0.00921612809,0.00921589365,0.00921914114,0.00921999627,0.00921851984,0.00921706898,0.00921696819,0.00921598604,0.00921383257,0.00921515967,0.00921838382,0.00921831744,0.0092168575,0.00921548443,0.0092221162,0.009220614,0.00922322525,0.00922168186,0.00922477542,0.00922373636,0.00922412591,0.00922226153,0.00922164447,0.00922216821,0.00921900848,0.00921842413,0.00921769549,0.00921632897,0.00921545277,0.00921409168,0.00921787745
155MHz Running Times:,0.4130361080169678,0.9268131256103516,1.4388492107391357,1.9508633613586426,2.4635908603668213,2.977254629135132,3.4894607067108154,4.001629114151001,4.514077425003052,5.027311086654663,5.540207862854004,6.053461313247681,6.566903829574585,7.081470251083374,7.594823837280273,8.107080459594727,8.619840145111084,9.132007360458374,9.646600246429443,10.15845012664795,10.672387599945068,11.185539960861206,11.698697805404663,12.210846424102783,12.724468469619751,13.236273765563965,13.748716354370117,14.261799097061157,14.772537469863892,15.286377906799316,15.799285411834717,16.311941623687744,16.824593782424927,17.336799383163452,17.8500497341156,18.36235499382019,18.875306129455566,19.38725519180298,19.89908003807068,20.41275978088379,20.92691707611084,21.439748525619507,21.952340364456177,22.463830709457397,22.976088762283325,23.488112688064575,24.00112533569336,24.51364254951477,25.02725338935852,25.539214611053467,26.050684452056885,26.56384515762329,27.07789921760559,27.590548276901245,28.104965686798096,28.617140531539917,29.12997817993164,29.64224076271057,30.155049800872803,30.668282508850098,31.178800106048584,31.69254493713379,32.204145669937134,32.71789240837097,33.22928261756897,33.7422297000885,34.26455545425415,34.77492117881775,35.2882936000824,35.8003945350647,36.31274366378784,36.82325983047485,37.33453369140625,37.846614599227905,38.35798263549805,38.8721764087677,39.38405776023865,39.897305965423584,40.40996479988098,40.92357802391052,41.43574285507202,41.949275970458984,42.46158480644226,42.97509050369263,43.48782467842102,44.00154685974121,44.5140380859375,45.0269980430603,45.53968834877014,46.05164289474487,46.56325006484985,47.076009035110474,47.58908534049988,48.10281562805176,48.61755871772766,49.13123345375061,49.643027782440186,50.15562319755554,50.66941738128662,51.181055545806885,51.69285535812378,52.20655846595764,52.719780921936035,53.23157978057861,53.74517297744751,54.259652614593506,54.77223467826843,55.28431057929993,55.79716944694519,56.3106586933136,56.823930740356445,57.33662176132202,57.8490195274353,58.361319065093994,58.87418723106384,59.38732838630676,59.89946460723877,60.411160945892334,60.922317028045654,61.43454551696777,61.94658398628235,62.45791578292847,62.97112679481506,63.4838969707489,63.99543738365173,64.50785279273987,65.02101612091064,65.53510737419128,66.04750490188599,66.55983018875122,67.07384991645813,67.58713459968567,68.10031032562256,68.61266303062439,69.12497043609619,69.63745927810669,70.1489155292511,70.66175198554993,71.17384386062622,71.68702673912048,72.20017075538635,72.71372079849243,73.22660827636719,73.74028158187866,74.25328278541565,74.7655611038208,75.27728605270386,75.79027724266052,76.3027880191803,76.81414246559143,77.32501935958862,77.83709406852722,78.34998440742493,78.8627245426178,79.3745629787445,79.88730573654175,80.39843535423279,80.91167545318604,81.42487359046936,81.93881368637085,82.45173335075378,82.96241569519043,83.47330021858215,83.98545837402344,84.49794435501099,85.00902986526489,85.52284598350525,86.03511548042297,86.5463924407959,87.0587911605835,87.57070350646973,88.08367013931274,88.59778141975403,89.11005783081055,89.62367534637451,90.13578510284424,90.64872622489929,91.16223287582397,91.67504358291626,92.18706631660461,92.69991087913513,93.2129955291748,93.7247109413147,94.23707509040833,94.749347448349,95.26116275787354,95.77423477172852,96.2873797416687,96.8003580570221,97.31382012367249,97.82732510566711,98.34012913703918,98.85309505462646,99.36650371551514,99.87963652610779,100.40165114402771,100.91534900665283,101.42897129058838,101.94243860244751,102.45363450050354,102.96489000320435,103.47750926017761,103.99498510360718,104.50651621818542,105.02071762084961,105.53297829627991,106.04452276229858,106.55514240264893,107.06800746917725,107.57972025871277,108.0923707485199,108.60592246055603,109.11936950683594,109.63327360153198,110.15289449691772,110.66428589820862,111.17649030685425,111.6875741481781,112.20024919509888,112.71286845207214,113.22342944145203,113.73529720306396,114.24787402153015,114.75986957550049,115.27300977706909,115.7860176563263,116.29884266853333,116.81179189682007,117.32299780845642,117.83571553230286,118.34801054000854,118.85944890975952,119.37152647972107,119.88421678543091,120.39665794372559
160MHz Voltages,Max Voltage:,0.00925709861,Average Voltage:,0.009243958605617017,Min Voltage,0.0092241293,Running Voltages:,0.0092241293,0.00923180251,0.00923639767,0.00923782318,0.00923709211,0.0092375031,0.00923883979,0.00924062469,0.00924065095,0.00924049336,0.00923771834,0.00923934611,0.00923580302,0.00923667482,0.0092364855,0.00923589448,0.00923525565,0.00923412305,0.00923536432,0.00923506642,0.00923521621,0.00923255046,0.00923469053,0.00925168929,0.00925460233,0.00925244345,0.00925275836,0.00925359088,0.00925305144,0.00924858771,0.00925009531,0.00924991318,0.00925016736,0.00924480505,0.00924582156,0.00924455911,0.00924398814,0.00924675607,0.00924841193,0.00924688075,0.00924129205,0.00923573377,0.009236842,0.0092336206,0.00923467649,0.00923728595,0.0092368452,0.00923870501,0.00923691285,0.00923709098,0.00923356573,0.0092355921,0.00924406598,0.0092444444,0.00924223155,0.00924208613,0.00924318506,0.00924130143,0.00924144585,0.00924319553,0.00924552643,0.00924389198,0.00924334303,0.00924481326,0.00924152509,0.00924132272,0.00924171488,0.00924143803,0.00924309071,0.00924261819,0.00924378744,0.00924354069,0.00924145526,0.00924171449,0.00924292018,0.00924586582,0.0092437886,0.00924415718,0.00924291338,0.00924211572,0.00924247533,0.0092435896,0.00924247179,0.00924218331,0.00924393928,0.0092422832,0.00924377063,0.00924320013,0.00924163252,0.00924022122,0.00924363545,0.00924616592,0.00925642693,0.00925582797,0.00925406544,0.009251747,0.00925501562,0.00925536863,0.00925709861,0.00925505734,0.00924850827,0.00924148377,0.00924058185,0.0092409171,0.00924209649,0.00924314796,0.00924241277,0.00924039491,0.00924149571,0.0092486862,0.00924869735,0.00925060075,0.00925066381,0.00924879786,0.00925015035,0.00925000295,0.00924757972,0.00924891897,0.00924683607,0.00924085248,0.00924167378,0.00924135154,0.00924376718,0.00924009868,0.00923910462,0.00924168669,0.00924305799,0.00925064569,0.00925251795,0.0092384891,0.00923891025,0.00923764484,0.00923873178,0.00923733105,0.00923656083,0.00923991256,0.00923900429,0.00923873672,0.00924104642,0.00924141737,0.00924196851,0.00924373168,0.00924594457,0.00924377642,0.00924124611,0.00924142692,0.00924100375,0.00924400782,0.009240765,0.00924254913,0.00924262421,0.00924186442,0.00923957018,0.00923876296,0.00923997851,0.00923985744,0.00924011001,0.00923951253,0.00923888447,0.00923864243,0.00923445099,0.00923824192,0.00923922281,0.00924043626,0.00924982037,0.00924918764,0.00924904876,0.0092453361,0.0092488523,0.00924600343,0.00923980706,0.00924236737,0.00924039852,0.00924189406,0.00923991371,0.00924121357,0.0092420813,0.00924502933,0.00925101879,0.00925287102,0.00925215438,0.00925244071,0.0092515984,0.00924948713,0.00925138641,0.00925359892,0.00924337185,0.00924593364,0.00924720622,0.00924968408,0.00924989816,0.00925227895,0.00925272872,0.00925570198,0.00925345553,0.00925057481,0.0092534099,0.00924962804,0.00925071945,0.00925037904,0.00925175784,0.00925140324,0.00925188948,0.00925030249,0.00924789158,0.00925046676,0.00925216121,0.00924177093,0.00924099911,0.00924010542,0.00924041539,0.00923834369,0.00923977032,0.00924116252,0.00924158514,0.00924238292,0.00924112158,0.00924330073,0.00924350351,0.00924344191,0.00924187231,0.00924411533,0.00924527278,0.00924485127,0.00924330252,0.00924537741,0.00924865399,0.0092503958,0.00925039713,0.00925165283,0.00925209046,0.00925116838,0.00925042066,0.0092501738,0.00924767336
160MHz Running Times:,0.43819475173950195,0.9502971172332764,1.4646601676940918,1.979116439819336,2.4904303550720215,3.003704786300659,3.515267848968506,4.027200937271118,4.540282249450684,5.050739526748657,5.563774347305298,6.076300382614136,6.58794641494751,7.099947214126587,7.612704753875732,8.125620365142822,8.639241218566895,9.15209150314331,9.664967775344849,10.178275346755981,10.690889596939087,11.20453405380249,11.716914892196655,12.22925090789795,12.742067575454712,13.253564834594727,13.7651047706604,14.27730917930603,14.791242599487305,15.304320812225342,15.818675518035889,16.331929445266724,16.845547676086426,17.35773205757141,17.869088172912598,18.381232976913452,18.894002437591553,19.405515909194946,19.91763973236084,20.429911851882935,20.942616939544678,21.455097675323486,21.96832537651062,22.48088788986206,22.99365472793579,23.505227088928223,24.01717257499695,24.529097080230713,25.040085792541504,25.551682472229004,26.06385564804077,26.577149868011475,27.089247226715088,27.601592302322388,28.115872621536255,28.62796425819397,29.14137554168701,29.652837991714478,30.164231538772583,30.675389289855957,31.18766736984253,31.7003333568573,32.212798833847046,32.72593855857849,33.23862910270691,33.750213384628296,34.2607798576355,34.773796796798706,35.285881757736206,35.798126459121704,36.31209993362427,36.82591962814331,37.33803915977478,37.85049867630005,38.36206674575806,38.87468671798706,39.38561773300171,39.89698052406311,40.409021615982056,40.921287536621094,41.4335675239563,41.94541811943054,42.456899642944336,42.970391035079956,43.48461985588074,43.99638032913208,44.510149002075195,45.02100372314453,45.5339879989624,46.04729437828064,46.560123920440674,47.07279944419861,47.584351778030396,48.09641766548157,48.61005735397339,49.12273955345154,49.63660478591919,50.150450706481934,50.662951707839966,51.17584276199341,51.68993782997131,52.203251361846924,52.71700119972229,53.23022961616516,53.74178123474121,54.25461983680725,54.76798439025879,55.282315731048584,55.796650886535645,56.309241771698,56.82270884513855,57.33943247795105,57.85104513168335,58.36451721191406,58.87645101547241,59.388211488723755,59.90039849281311,60.41209554672241,60.92525935173035,61.43865370750427,61.9519624710083,62.463162899017334,62.97511053085327,63.487443923950195,64.00004172325134,64.51352858543396,65.02485227584839,65.53856873512268,66.0505063533783,66.56397867202759,67.07736849784851,67.59015941619873,68.10108804702759,68.61422991752625,69.12561297416687,69.63981556892395,70.1537139415741,70.66559863090515,71.17856621742249,71.69142580032349,72.2043673992157,72.7185423374176,73.2313323020935,73.7436876296997,74.25484800338745,74.76864528656006,75.2815625667572,75.7938141822815,76.30694794654846,76.82023811340332,77.33427429199219,77.84695816040039,78.36009120941162,78.87215161323547,79.38498401641846,79.89815735816956,80.41031217575073,80.92224526405334,81.43450856208801,81.94628500938416,82.45690584182739,82.96822357177734,83.48181509971619,83.99346399307251,84.50413036346436,85.01710271835327,85.52915215492249,86.04118323326111,86.5540554523468,87.06570768356323,87.5781397819519,88.08848452568054,88.60133743286133,89.1146867275238,89.62709474563599,90.13995599746704,90.65308213233948,91.16479802131653,91.67604446411133,92.18760919570923,92.70041918754578,93.21101713180542,93.7226824760437,94.23557591438293,94.74689388275146,95.25803565979004,95.77067303657532,96.28361368179321,96.795978307724,97.30753207206726,97.82048416137695,98.33199167251587,98.84307384490967,99.35442733764648,99.86719131469727,100.37816023826599,100.88987803459167,101.40242314338684,101.91502642631531,102.42708778381348,102.94142961502075,103.45349383354187,103.96575284004211,104.47921466827393,104.99262142181396,105.50513291358948,106.01822972297668,106.53133368492126,107.04338717460632,107.55670762062073,108.06808519363403,108.5798716545105,109.09270024299622,109.60489654541016,110.11859035491943,110.62975883483887,111.14348340034485,111.65663194656372,112.16899061203003,112.67975521087646,113.19273710250854,113.70618724822998,114.21928930282593,114.73120903968811,115.24261140823364,115.7564218044281,116.26972937583923,116.78218913078308,117.29547882080078,117.80822587013245,118.3212378025055,118.83225512504578,119.34409976005554,119.85713005065918,120.36984944343567
165MHz Voltages,Max Voltage:,0.00931156905,Average Voltage:,0.009297763913914894,Min Voltage,0.00927842639,Running Voltages:,0.00927842639,0.00928530877,0.0092883372,0.00928994747,0.00929055264,0.00930070543,0.00930279956,0.00930055779,0.00930202022,0.00930140953,0.0093038468,0.00930544101,0.00930489117,0.00930313264,0.00930492002,0.00930289822,0.00930455869,0.0093052385,0.00930619644,0.00930251196,0.00930513935,0.00930277708,0.00929613354,0.009290925,0.00929216046,0.00929230875,0.00929257772,0.00929009492,0.00929086835,0.00929057723,0.00929194614,0.00928689533,0.00929629539,0.00929778285,0.00929735203,0.00929811726,0.00929751068,0.00929707087,0.00929743732,0.0092984351,0.00929964056,0.00929990689,0.00930528312,0.00930503882,0.00930411874,0.00930601358,0.00929710574,0.00929937838,0.00929844812,0.00929745894,0.00929585404,0.00929619811,0.00929360354,0.00929254533,0.00929421237,0.00929424519,0.00929189296,0.00929155319,0.00929198754,0.00929364451,0.00930990008,0.0093113807,0.00931156905,0.00930882531,0.00931050872,0.00930672253,0.00930778311,0.00930979491,0.00930818959,0.00931076526,0.00929422299,0.00929589515,0.00929233592,0.00929398219,0.00929475022,0.00929588213,0.00929638354,0.0092942528,0.00929297533,0.00929762172,0.00929457471,0.00929127182,0.00929667149,0.00929346652,0.0092942022,0.0092950196,0.00929395197,0.00929898906,0.00929895137,0.00929483746,0.0092963922,0.00929705509,0.00929538707,0.0092955398,0.00929117939,0.00929313461,0.0092895911,0.00929676932,0.00929637284,0.00929486949,0.00929412399,0.00930531747,0.00930149698,0.0093025665,0.00930200642,0.00930479524,0.00930393099,0.00930376221,0.00930207751,0.0092929792,0.00929042704,0.00929526362,0.00929645543,0.00929711853,0.00929314099,0.00929825562,0.00929317398,0.00929582327,0.00929528392,0.00929558519,0.00929681544,0.00929466657,0.00929442208,0.00929290692,0.00928862431,0.00929882269,0.00929507069,0.00929444446,0.00929618453,0.0092977983,0.00929488955,0.00929636663,0.00929676997,0.00929773091,0.0092970213,0.00929685668,0.00929958925,0.00930024593,0.00929705586,0.00929508783,0.00929946945,0.00930131467,0.00930336726,0.00929670313,0.00929611194,0.0093000673,0.0092971516,0.00929835836,0.00929534977,0.00929618847,0.00929433108,0.00929573047,0.00929552409,0.00929481047,0.00929472407,0.00929724027,0.00929552005,0.00929539895,0.00929532866,0.00929548213,0.00929246147,0.00929286554,0.0092937564,0.00929774637,0.00929753025,0.00929587664,0.00929526305,0.00929652539,0.00929573973,0.00929779081,0.00929554157,0.00929549877,0.00929772773,0.00929748696,0.00929591904,0.00929459565,0.00929501036,0.00929625094,0.0092975955,0.00929633471,0.00929842975,0.00929573157,0.0092951481,0.00929492712,0.00929635054,0.00929605709,0.00929831463,0.00929576773,0.00929708115,0.00929479154,0.00929489872,0.00929743675,0.00929643322,0.00929617929,0.00929436473,0.00929686986,0.00929609506,0.00930018452,0.00930064232,0.00930465463,0.00930519542,0.00930326556,0.00930122996,0.0093033941,0.00930299218,0.00930158314,0.00930050153,0.00929875031,0.00929922531,0.00929967042,0.00930082524,0.00929844835,0.00929773918,0.00930138309,0.00930122465,0.0093012088,0.00929717106,0.00929893788,0.00929808115,0.00929765241,0.00929699605,0.00929941418,0.00929728122,0.00929711542,0.00929917846,0.00929812706,0.00929697294,0.00930220884,0.00930194632,0.00930500841,0.00930487267,0.00930380427,0.00930386469,0.0093017983,0.00930024596
165MHz Running Times:,0.41281628608703613,0.9236447811126709,1.434516429901123,1.946763515472412,2.459804058074951,2.970045804977417,3.4815618991851807,3.996805191040039,4.511447906494141,5.022561550140381,5.535773515701294,6.048171043395996,6.559824466705322,7.0718817710876465,7.584836721420288,8.096629858016968,8.609204530715942,9.119861602783203,9.63123893737793,10.142831563949585,10.656704902648926,11.169602632522583,11.682445526123047,12.194722175598145,12.706315279006958,13.218032598495483,13.729267358779907,14.243724346160889,14.757630586624146,15.269847631454468,15.78152346611023,16.29441523551941,16.8068790435791,17.318902254104614,17.831217765808105,18.344449281692505,18.85607385635376,19.367989778518677,19.88078284263611,20.394035816192627,20.907050132751465,21.41872525215149,21.931280612945557,22.444985151290894,22.957735300064087,23.469921588897705,23.98450994491577,24.49572515487671,25.015370845794678,25.527998208999634,26.03959608078003,26.552231311798096,27.06387710571289,27.578324794769287,28.091208696365356,28.605284452438354,29.11665105819702,29.62909698486328,30.139978647232056,30.652637481689453,31.16440987586975,31.67574715614319,32.187880516052246,32.701029777526855,33.21271061897278,33.72677779197693,34.2396342754364,34.750312089920044,35.26297330856323,35.774914503097534,36.287537813186646,36.80274224281311,37.31576204299927,37.82889103889465,38.341068506240845,38.852930545806885,39.36461806297302,39.87811756134033,40.39183759689331,40.903926849365234,41.41647720336914,41.931748390197754,42.445011615753174,42.95680618286133,43.46886897087097,43.9820818901062,44.49585318565369,45.0077908039093,45.52072548866272,46.033440351486206,46.54483199119568,47.056456327438354,47.569223165512085,48.08112907409668,48.59316325187683,49.10464668273926,49.615320920944214,50.12676978111267,50.640236616134644,51.151432275772095,51.663116693496704,52.177225828170776,52.689101696014404,53.20022940635681,53.71115827560425,54.22211265563965,54.736573696136475,55.24912762641907,55.76129603385925,56.27361035346985,56.78654336929321,57.29817533493042,57.81978225708008,58.33240985870361,58.85102462768555,59.36365365982056,59.89954352378845,60.41126012802124,60.93092346191406,61.442556619644165,61.95418620109558,62.47180247306824,62.98409152030945,63.49511432647705,64.00713634490967,64.51773023605347,65.0303692817688,65.5420572757721,66.0555374622345,66.56900000572205,67.08108735084534,67.59459185600281,68.10707020759583,68.62015676498413,69.13145327568054,69.64204549789429,70.15539884567261,70.66593956947327,71.17948961257935,71.69153356552124,72.2026720046997,72.7146348953247,73.22649312019348,73.73822617530823,74.24882102012634,74.761305809021,75.27351117134094,75.78448557853699,76.29595899581909,76.80709099769592,77.31898164749146,77.83078098297119,78.34325909614563,78.85468554496765,79.36645030975342,79.87875556945801,80.39084482192993,80.90373587608337,81.41560983657837,81.92936754226685,82.44315671920776,82.95578908920288,83.4686005115509,83.97892785072327,84.49136710166931,85.0028965473175,85.51482033729553,86.02641463279724,86.53969645500183,87.05239844322205,87.56503558158875,88.07942819595337,88.59149837493896,89.10394358634949,89.61494731903076,90.12686228752136,90.63987612724304,91.15450286865234,91.66634058952332,92.1795551776886,92.69432806968689,93.20617866516113,93.71920847892761,94.23069787025452,94.74345564842224,95.25625324249268,95.76954793930054,96.28453087806702,96.79645562171936,97.30908274650574,97.82170486450195,98.33537673950195,98.84781455993652,99.36055397987366,99.87287878990173,100.38602709770203,100.89983105659485,101.4119062423706,101.92590475082397,102.4381697177887,102.95075464248657,103.46282505989075,103.97576880455017,104.48626637458801,104.99975538253784,105.51300430297852,106.02608370780945,106.53786039352417,107.05014038085938,107.56270861625671,108.0751588344574,108.58886742591858,109.10088229179382,109.61691999435425,110.12845420837402,110.64092135429382,111.1532633304596,111.6659517288208,112.17784714698792,112.6889717578888,113.1993465423584,113.71186685562134,114.22424650192261,114.73622846603394,115.24993801116943,115.7628345489502,116.27613139152527,116.78864908218384,117.30194759368896,117.81380105018616,118.32515406608582,118.84574913978577,119.35791516304016,119.87068367004395,120.38427424430847
